"Data Source","世界发展指标",

"Last Updated Date","2022-02-15",

"Country Name","Country Code","Indicator Name","Indicator Code","1960","1961","1962","1963","1964","1965","1966","1967","1968","1969","1970","1971","1972","1973","1974","1975","1976","1977","1978","1979","1980","1981","1982","1983","1984","1985","1986","1987","1988","1989","1990","1991","1992","1993","1994","1995","1996","1997","1998","1999","2000","2001","2002","2003","2004","2005","2006","2007","2008","2009","2010","2011","2012","2013","2014","2015","2016","2017","2018","2019","2020",
"阿鲁巴","ABW","专利申请，非居民","IP.PAT.NRES","","","","","","","","","","","","","","","","","","","","","","","","","","","","","","","","","","","","","","","","","","","","","","","","","","","","","","","","","","","","","",
"","AFE","专利申请，非居民","IP.PAT.NRES","","","","","","","","","","","","","","","","","","","","","","","","","","","","","","","","","","","","","","","","","","","","","5963","","","7649","","","","","","","6997","","","","","","",
"阿富汗","AFG","专利申请，非居民","IP.PAT.NRES","","","","","","","","","","","","","","","","","","","","","","","","","","","","","","","","","","","","","","","","","","","","","","","","","","","","","","","","","","","","","",
"","AFW","专利申请，非居民","IP.PAT.NRES","","","","","","","","","","","","","","","","","","","","","","","","","","","","","","","","","","","","","","","","","","","","","","","","","","","","","","","","","","","","","",
"安哥拉","AGO","专利申请，非居民","IP.PAT.NRES","","","","","","","","","","","","","","","","","","","","","","","","","","","","","","","","","2","","","","","","","","","","","","","","","","","","","","","","","","","","114","108","",
"阿尔巴尼亚","ALB","专利申请，非居民","IP.PAT.NRES","","","","","","","","","","","","","","","","","","","","","","","","","","","","","","","","","","","","","","9","","","","120","238","391","","386","","","","361","","8","","4","3","5","5","8","3","1","",
"安道尔共和国","AND","专利申请，非居民","IP.PAT.NRES","","","","","","","","","","","","","","","","","","","","","","","","","","","","","","","","","","","","","","","","","","","","","","","","","","","","","","","","","3","6","10","12","",
"阿拉伯联盟国家","ARB","专利申请，非居民","IP.PAT.NRES","","","","","","","","","","","","","","","","","","","","","1948","1862","","1725","","","","","","1202","","","1499","1815","1780","2081","2131","","3318","","2428","2073","1892","1746","1946","2891","","4738","","","4874","6324","","6387","6135","7830","6829","9801","9589","10462","",
"阿拉伯联合酋长国","ARE","专利申请，非居民","IP.PAT.NRES","","","","","","","","","","","","","","","","","","","","","","","","","","","","","","","","","","","","","","","","","","","","","","","","","","","","1325","1331","1408","1443","1738","","1748","1727","1846","",
"阿根廷","ARG","专利申请，非居民","IP.PAT.NRES","","","","","","","","","","","","","","","","","","","","","3063","3321","2793","2443","2656","","","","","","1955","1851","1919","2261","2820","3588","4012","5035","5459","5558","5574","5088","4143","3765","3816","4215","4597","4806","4781","4336","4165","4133","4078","4129","4173","3579","2925","3050","3242","3260","",
"亚美尼亚","ARM","专利申请，非居民","IP.PAT.NRES","","","","","","","","","","","","","","","","","","","","","","","","","","","","","","","","","","30","79","98","154","121","8","16","8","15","7","6","","2","1","5","4","11","6","19","4","6","2","2","1","3","4","4","",
"美属萨摩亚","ASM","专利申请，非居民","IP.PAT.NRES","","","","","","","","","","","","","","","","","","","","","","","","","","","","","","","","","","","","","","","","","","","","","","","","","","","","","","","","","","","","","",
"安提瓜和巴布达","ATG","专利申请，非居民","IP.PAT.NRES","","","","","","","","","","","","","","","","","","","","","","","","","","","","","","","","","","","","","","","","","","","","","","","","","","","","8","7","7","15","10","12","8","5","","",
"澳大利亚","AUS","专利申请，非居民","IP.PAT.NRES","","","","","","","","","","","","","","","","","","","","","9354","9807","9572","9529","10212","","","","","","","","","","","12277","13221","15398","16063","17960","20073","20548","20181","19176","20274","21302","23166","24122","23525","21187","22478","23143","23731","26656","23968","26314","25774","26403","27200","27121","",
"奥地利","AUT","专利申请，非居民","IP.PAT.NRES","","","","","","","","","","","","","","","","","","","","","4166","3428","2620","2322","1891","1591","1336","1272","1048","915","670","544","517","513","516","458","449","397","349","341","340","284","329","213","266","235","378","287","329","292","249","276","294","244","271","236","237","232","168","208","",
"阿塞拜疆","AZE","专利申请，非居民","IP.PAT.NRES","","","","","","","","","","","","","","","","","","","","","","","","","","","","","","","","","","","","30","17","","","","","10","7","18","7","6","13","8","7","17","17","12","","","","","19","22","16","20","",
"布隆迪","BDI","专利申请，非居民","IP.PAT.NRES","","","","","","","","","","","","","","","","","","","","","10","5","2","2","7","","2","","","1","3","","2","1","4","1","4","","","","","","","","","","","","","","","","","","","","","","","","",
"比利时","BEL","专利申请，非居民","IP.PAT.NRES","","","","","","","","","","","","","","","","","","","","","5104","3918","2944","2261","1966","1476","1334","889","776","663","613","574","499","679","446","355","310","269","249","249","243","264","147","188","122","105","161","163","133","148","140","127","127","161","137","148","119","216","218","257","",
"贝宁","BEN","专利申请，非居民","IP.PAT.NRES","","","","","","","","","","","","","","","","","","","","","","","","","","","","","","","","","","","","","","","","","","","","","","","","","","","","","","","","","","","","","",
"布基纳法索","BFA","专利申请，非居民","IP.PAT.NRES","","","","","","","","","","","","","","","","","","","","","","","","","","","","","","","","","","","","","","","","","","","","","","","","","","","","","","","","","","","","","",
"孟加拉国","BGD","专利申请，非居民","IP.PAT.NRES","","","","","","","","","","","","","","","","","","","","","102","133","104","123","104","96","77","98","109","76","76","77","89","71","89","156","131","119","184","200","248","236","246","260","268","294","288","270","278","275","276","269","287","243","249","299","267","241","299","345","",
"保加利亚","BGR","专利申请，非居民","IP.PAT.NRES","","","","","","","","","","","","","","","","","","","","","804","871","717","728","738","248","211","311","253","267","331","326","351","152","531","363","407","538","524","616","709","785","735","680","133","52","48","28","22","24","17","21","14","15","16","11","11","23","18","7","",
"巴林","BHR","专利申请，非居民","IP.PAT.NRES","","","","","","","","","","","","","","","","","","","","","47","28","41","28","65","16","20","","","","","","31","","","","","","","","","","","","","","","","","","","139","161","167","199","185","171","237","219","322","",
"巴哈马","BHS","专利申请，非居民","IP.PAT.NRES","","","","","","","","","","","","","","","","","","","","","","51","50","","38","42","37","","32","","25","27","29","","","","","","","","","","","","","","","","","","","","83","75","113","68","34","48","","","",
"波斯尼亚和黑塞哥维那","BIH","专利申请，非居民","IP.PAT.NRES","","","","","","","","","","","","","","","","","","","","","","","","","","","","","","","","","","","","","","","","105","242","309","","242","346","306","162","","12","","9","12","14","22","2","","6","12","12","14","",
"白俄罗斯","BLR","专利申请，非居民","IP.PAT.NRES","","","","","","","","","","","","","","","","","","","","","","","","","","","","","","","","","","666","1005","415","361","414","79","345","204","214","379","298","200","296","337","257","220","173","174","146","190","145","105","148","66","90","94","95","",
"伯利兹","BLZ","专利申请，非居民","IP.PAT.NRES","","","","","","","","","","","","","","","","","","","","","","","","","","","","","","","","","","","","","","","","","","","","","16","33","41","48","54","","","49","51","32","36","26","37","32","24","32","",
"百慕大","BMU","专利申请，非居民","IP.PAT.NRES","","","","","","","","","","","","","","","","","","","","","","","","","","","","","","","","","","","","","","","","","","","","","","","","","","","","","","","","","","","","","",
"玻利维亚","BOL","专利申请，非居民","IP.PAT.NRES","","","","","","","","","","","","","","","","","","","","","117","120","89","70","54","41","","","","","","","","62","89","106","","","","","","","","","","","","","","","","","","","294","","241","277","","","",
"巴西","BRA","专利申请，非居民","IP.PAT.NRES","","","","","","","","","","","","","","","","","","","","","6228","6113","5562","4900","4657","4565","4413","4702","4546","4657","5148","4625","4374","4221","4228","4741","5446","13479","13546","14693","14104","14410","13204","12545","12669","14444","15886","17469","18890","18135","20771","23954","25637","25925","25683","25578","22810","20178","19877","19932","",
"巴巴多斯","BRB","专利申请，非居民","IP.PAT.NRES","","","","","","","","","","","","","","","","","","","","","44","38","","","35","","","","","","","","","","","","","","","68","","85","93","121","80","76","44","109","84","79","88","71","36","39","38","45","41","","","","",
"文莱达鲁萨兰国","BRN","专利申请，非居民","IP.PAT.NRES","","","","","","","","","","","","","","","","","","","","","","","","","","","","","","","","","","88","41","42","21","42","32","34","21","21","21","43","31","26","41","64","75","42","","","11","15","91","","73","99","97","134","",
"不丹","BTN","专利申请，非居民","IP.PAT.NRES","","","","","","","","","","","","","","","","","","","","","","","","","","","","","","","","","","","","","","","","","","","","","","","","","","","","","1","4","","7","1","3","","","",
"博茨瓦纳","BWA","专利申请，非居民","IP.PAT.NRES","","","","","","","","","","","","","","","","","","","","","18","34","29","","","","","","","","","","","","","","","","","","","","","","","","","","","","","8","9","1","5","5","6","4","3","","",
"中非共和国","CAF","专利申请，非居民","IP.PAT.NRES","","","","","","","","","","","","","","","","","","","","","","","","","","","","","","","","","","","","","","","","","","","","","","","","","","","","","","","","","","","","","",
"加拿大","CAN","专利申请，非居民","IP.PAT.NRES","","","","","","","","","","","","","","","","","","","","","22699","23267","23883","23690","24709","25482","25596","26598","28869","32060","24375","21097","22950","23307","24683","24161","24987","25238","30163","33189","35435","35753","35782","33299","32970","34705","36516","35133","37028","32410","30899","30357","30533","30174","31283","32687","30667","30969","31812","32250","",
"中歐和波羅的海","CEB","专利申请，非居民","IP.PAT.NRES","","","","","","","","","","","","","","","","","","","","","4745","4268","3904","3528","3599","2928","2755","3001","2826","2967","3926","3573","5364","8566","8606","8766","9041","12491","12916","16331","17805","17322","18698","14807","9533","6308","1467","1003","768","606","547","542","631","499","495","434","405","413","376","331","",
"瑞士","CHE","专利申请，非居民","IP.PAT.NRES","","","","","","","","","","","","","","","","","","","","","5613","4430","3637","3038","2714","2281","1954","1764","1556","1371","1081","893","903","874","892","830","718","620","564","535","468","594","466","396","434","455","362","342","439","394","533","446","1508","631","568","446","309","291","332","348","",
"海峡群岛","CHI","专利申请，非居民","IP.PAT.NRES","","","","","","","","","","","","","","","","","","","","","","","","","","","","","","","","","","","","","","","","","","","","","","","","","","","","","","","","","","","","","",
"智利","CHL","专利申请，非居民","IP.PAT.NRES","","","","","","","","","","","","","","","","","","","","","685","744","665","647","602","550","592","621","622","682","642","838","949","1179","1418","1535","1771","2411","2568","2608","2879","2504","2147","2076","2485","2646","2924","3403","3421","1374","748","2453","2683","2732","2653","2831","2521","2469","2694","2799","",
"中国","CHN","专利申请，非居民","IP.PAT.NRES","","","","","","","","","","","","","","","","","","","","","","","","","","4493","4515","4084","4872","4910","4305","4051","4387","7534","7876","8688","11114","12102","33645","34418","26560","33412","40426","48548","64598","79842","88183","92101","95259","85508","98111","110583","117464","120200","127042","133612","133522","135885","148187","157093","",
"科特迪瓦","CIV","专利申请，非居民","IP.PAT.NRES","","","","","","","","","","","","","","","","","","","","","","","","","","","","","","","","","","","","","","","","","","","","","","","","","","","","","1","","","","","","","","",
"喀麦隆","CMR","专利申请，非居民","IP.PAT.NRES","","","","","","","","","","","","","","","","","","","","","","","","","","","","","","","","","","","","","","","","","","","","","","","","","","","","","","","","","","","","","",
"刚果（金）","COD","专利申请，非居民","IP.PAT.NRES","","","","","","","","","","","","","","","","","","","","","100","74","93","66","86","","","","","","","","","","","","","","","","","","","","","","","","","","","","","","","","","","","","",
"刚果（布）","COG","专利申请，非居民","IP.PAT.NRES","","","","","","","","","","","","","","","","","","","","","","","","","","","81","","55","","","","","","21","15","27","","","","","","","","","","","","","","","","","","","","","","","","",
"哥伦比亚","COL","专利申请，非居民","IP.PAT.NRES","","","","","","","","","","","","","","","","","","","","","335","604","","527","471","441","404","532","420","516","","527","575","769","867","1093","1172","1497","1670","1615","1694","432","858","1127","1365","1662","1861","1862","1818","1551","1739","1770","1848","1781","1898","1921","1658","1777","1808","1735","",
"科摩罗","COM","专利申请，非居民","IP.PAT.NRES","","","","","","","","","","","","","","","","","","","","","","","","","","","","","","","","","","","","","","","","","","","","","","","","","","","","","","","","","","","","","",
"佛得角","CPV","专利申请，非居民","IP.PAT.NRES","","","","","","","","","","","","","","","","","","","","","","","","","","","","","","","","","","","","","","","","","","","","","","","","","","","","","","","","","1","","1","1","",
"哥斯达黎加","CRI","专利申请，非居民","IP.PAT.NRES","","","","","","","","","","","","","","","","","","","","","82","90","60","72","37","34","36","34","40","25","43","59","71","84","92","111","126","113","172","127","47","191","220","238","294","423","571","647","774","507","606","610","578","580","529","582","497","504","490","483","",
"加勒比小国","CSS","专利申请，非居民","IP.PAT.NRES","","","","","","","","","","","","","","","","","","","","","","","","","","","","","","","","","143","","","","","","","","","403","","","362","373","495","631","539","","","","514","481","552","410","359","354","247","","",
"古巴","CUB","专利申请，非居民","IP.PAT.NRES","","","","","","","","","","","","","","","","","","","","","70","58","39","31","28","","","","","","26","24","19","13","31","33","40","31","","127","","","","","","180","163","210","189","172","","184","140","143","126","","163","145","126","88","",
"库拉索","CUW","专利申请，非居民","IP.PAT.NRES","","","","","","","","","","","","","","","","","","","","","","","","","","","","","","","","","","","","","","","","","","","","","","","","","","","","","","","","","","","","","",
"开曼群岛","CYM","专利申请，非居民","IP.PAT.NRES","","","","","","","","","","","","","","","","","","","","","","","","","","","","","","","","","","","","","","","","","","","","","","","","","","","","","","","","","","","","","",
"塞浦路斯","CYP","专利申请，非居民","IP.PAT.NRES","","","","","","","","","","","","","","","","","","","","","66","34","38","46","54","43","30","","","","43","53","57","","","","","","","","","","","85","85","44","","16","10","6","4","8","8","1","","1","1","4","","1","",
"捷克共和国","CZE","专利申请，非居民","IP.PAT.NRES","","","","","","","","","","","","","","","","","","","","","","","","","","","","","","","","","","2040","2593","2893","3247","3661","3771","4204","4384","4184","5031","2954","629","244","195","192","142","92","114","97","150","97","62","72","47","66","54","48","",
"德国","DEU","专利申请，非居民","IP.PAT.NRES","","","","","","","","","","","","","","","","","","","","","19900","16738","17158","15445","13225","12180","10945","9933","9332","9168","8605","7784","7404","6995","7261","8055","9511","11291","10843","9502","10406","10486","10589","10663","10786","11855","12573","13139","13177","11724","12198","12458","14720","15814","17811","19509","19419","19927","21281","20802","",
"吉布提","DJI","专利申请，非居民","IP.PAT.NRES","","","","","","","","","","","","","","","","","","","","","","","","","","","","","","","","","","","","","","","","","","","","","","","","","","","","","","2","4","","","","","","",
"多米尼克","DMA","专利申请，非居民","IP.PAT.NRES","","","","","","","","","","","","","","","","","","","","","","","","","","","","","","","","","","","","2","","","","","","","","","","","","","","","","","","","","","4","3","4","","",
"丹麦","DNK","专利申请，非居民","IP.PAT.NRES","","","","","","","","","","","","","","","","","","","","","4605","4745","4706","4920","5312","5236","5386","4759","6124","4683","1843","370","361","254","176","250","196","218","166","131","140","188","169","153","138","165","188","197","195","131","142","197","229","193","206","270","298","282","239","228","",
"多米尼加共和国","DOM","专利申请，非居民","IP.PAT.NRES","","","","","","","","","","","","","","","","","","","","","","","","66","","","135","","","","","","","","","","","","","","63","146","172","184","181","217","280","111","45","238","328","318","265","256","244","227","242","251","211","220","",
"阿尔及利亚","DZA","专利申请，非居民","IP.PAT.NRES","","","","","","","","","","","","","","","","","","","","","349","340","320","278","345","","","","201","200","229","170","164","138","118","134","150","207","267","248","127","94","291","296","334","465","611","765","","","730","803","781","722","719","716","566","594","521","525","",
"东亚与太平洋地区（不包括高收入）","EAP","专利申请，非居民","IP.PAT.NRES","","","","","","","","","","","","","","","","","","","","","","","","","","8724","7387","10300","9094","10558","10262","11369","14204","16661","18617","21719","28369","32138","50152","51590","45489","51367","54476","63559","81478","99810","107181","110536","116542","104571","115761","130648","135404","145796","155102","163413","162917","163828","179450","190078","",
"早人口紅利","EAR","专利申请，非居民","IP.PAT.NRES","","","","","","","","","","","","","","","","","","","","","24414","24901","25600","","23555","19957","18947","19750","17971","20336","23635","24083","29111","29392","33658","32201","39371","47004","44800","41888","51356","52477","49406","47172","53719","64763","73110","82976","82791","70687","78457","81120","76834","81819","81574","87303","84757","83411","85811","86416","",
"东亚与太平洋地区","EAS","专利申请，非居民","IP.PAT.NRES","","","","","","","","","","","","","","","","","","","","","","","","","","47035","46687","52937","55111","59186","59681","56901","58663","58571","61892","96155","121769","141976","161025","160400","151653","182347","182559","187296","214057","243863","260213","270387","271616","239908","256608","276525","282856","301273","312965","322725","320907","321719","345332","361625","",
"欧洲与中亚地区（不包括高收入）","ECA","专利申请，非居民","IP.PAT.NRES","","","","","","","","","","","","","","","","","","","","","","","","","","","","","","","","","","10180","9689","11851","12699","14028","14219","14412","15759","16382","14656","14087","11253","13171","13901","16084","19283","16912","17880","19011","19071","20132","19905","19908","18139","17073","15958","14652","",
"欧洲与中亚地区","ECS","专利申请，非居民","IP.PAT.NRES","","","","","","","","","","","","","","","","","","","","","","","","","","","","","","","","","51441","47403","46606","50509","53985","59633","58943","63475","68333","66719","65527","61622","52583","52458","46762","48831","49161","42683","42468","44730","48843","50558","51823","52933","52728","53211","52244","49777","",
"厄瓜多尔","ECU","专利申请，非居民","IP.PAT.NRES","","","","","","","","","","","","","","","","","","","","","152","180","122","112","96","","104","78","97","94","","75","84","100","335","270","354","302","","475","541","256","101","415","489","580","751","794","847","668","690","","","475","358","475","329","401","371","408","",
"阿拉伯埃及共和国","EGY","专利申请，非居民","IP.PAT.NRES","","","","","","","","","","","","","","","","","","","","","731","738","713","727","704","671","667","596","474","462","511","479","517","503","528","693","706","","1139","1146","1081","923","788","626","312","1008","","1589","1649","1452","1625","1591","1528","1416","1384","1337","1258","1254","1258","1156","",
"欧洲货币联盟","EMU","专利申请，非居民","IP.PAT.NRES","","","","","","","","","","","","","","","","","","","","","80033","60447","55947","62563","47596","51977","40688","31708","38014","30901","28634","24455","19546","18444","17127","17144","19528","19554","18754","18793","20349","18821","18330","17872","16442","16736","17977","17978","17210","15506","15999","16753","18967","20301","21882","22740","23891","24716","25673","25425","",
"厄立特里亚","ERI","专利申请，非居民","IP.PAT.NRES","","","","","","","","","","","","","","","","","","","","","","","","","","","","","","","","","","","","","","","","","","","","","","","","","","","","","","","","","","","","","",
"西班牙","ESP","专利申请，非居民","IP.PAT.NRES","","","","","","","","","","","","","","","","","","","","","9001","8509","8555","8352","8916","9149","8581","2590","2209","2318","1079","746","561","563","537","553","524","496","476","506","484","467","371","367","313","313","316","265","252","207","213","196","209","218","225","221","177","176","149","159","",
"爱沙尼亚","EST","专利申请，非居民","IP.PAT.NRES","","","","","","","","","","","","","","","","","","","","","","","","","","","","","","","","","","","452","63","198","360","443","604","791","699","700","584","97","15","9","19","10","20","13","15","5","17","6","6","1","4","6","1","",
"埃塞俄比亚","ETH","专利申请，非居民","IP.PAT.NRES","","","","","","","","","","","","","","","","","","","","","","","","","","","","","","","","","","","","","","","11","18","9","15","12","6","3","4","5","25","","","","34","14","24","22","32","26","39","49","","",
"欧洲联盟","EUU","专利申请，非居民","IP.PAT.NRES","","","","","","","","","","","","","","","","","","","","","94469","73428","67999","73969","59212","62463","50768","41163","48426","39821","35476","29099","25332","25214","24802","25388","27374","30910","30246","33521","36277","34285","35284","31381","26111","23404","19863","19408","18361","16592","16956","17745","19908","21085","22949","23781","24854","25636","26639","26305","",
"脆弱和受衝突影響的情況下","FCS","专利申请，非居民","IP.PAT.NRES","","","","","","","","","","","","","","","","","","","","","","","","","","","","","","","","","","","","","","","","","","","","","","","","","","","","","","","","","","","","","",
"芬兰","FIN","专利申请，非居民","IP.PAT.NRES","","","","","","","","","","","","","","","","","","","","","2734","2809","2907","3178","3408","3472","3627","3941","4084","4417","4410","2671","3953","2052","1842","1733","483","250","212","343","324","270","207","215","209","229","202","211","147","127","102","124","129","141","126","127","108","139","100","75","",
"斐济","FJI","专利申请，非居民","IP.PAT.NRES","","","","","","","","","","","","","","","","","","","","","11","14","","","","18","17","","","","","","","","","","","","","","","","","","","","","","","","","","","","","","","","","","",
"法国","FRA","专利申请，非居民","IP.PAT.NRES","","","","","","","","","","","","","","","","","","","","","16989","13723","11561","10029","8867","7543","6369","5875","5194","4986","4260","3908","3547","3402","3520","3477","3484","3637","3544","3282","3483","3605","3389","3339","3060","2948","2720","2387","1761","1593","1832","2099","2092","2196","2033","1994","2012","1832","1919","1766","",
"法罗群岛","FRO","专利申请，非居民","IP.PAT.NRES","","","","","","","","","","","","","","","","","","","","","","","","","","","","","","","","","","","","","","","","","","","","","","","","","","","","","","","","","","","","","",
"密克罗尼西亚联邦","FSM","专利申请，非居民","IP.PAT.NRES","","","","","","","","","","","","","","","","","","","","","","","","","","","","","","","","","","","","","","","","","","","","","","","","","","","","","","","","","","","","","",
"加蓬","GAB","专利申请，非居民","IP.PAT.NRES","","","","","","","","","","","","","","","","","","","","","","","","","","","","","","","","","","","","","","","","","","","","","","","","","","","","","","","","","","","","","",
"英国","GBR","专利申请，非居民","IP.PAT.NRES","","","","","","","","","","","","","","","","","","","","","22000","18406","16563","14798","13735","12293","11063","10419","9935","9637","8928","8357","7839","7922","8081","8891","9821","10171","10083","10399","10697","10658","10907","11198","10776","10155","8261","7624","6856","6480","6439","6916","7865","7966","7844","7934","8183","8771","8076","7189","",
"格鲁吉亚","GEO","专利申请，非居民","IP.PAT.NRES","","","","","","","","","","","","","","","","","","","","","","","","","","","","","","","","","210","178","159","420","173","205","229","190","186","221","204","171","208","250","299","316","241","218","179","260","233","219","187","172","178","157","157","112","",
"加纳","GHA","专利申请，非居民","IP.PAT.NRES","","","","","","","","","","","","","","","","","","","","","17","19","18","14","","","15","16","","12","20","12","11","","39","","","","","","","","","","","","","","","","","","","","","","17","11","39","","",
"直布罗陀","GIB","专利申请，非居民","IP.PAT.NRES","","","","","","","","","","","","","","","","","","","","","","","","","","","","","","","","","","","","","","","","","","","","","","","","","","","","","","","","","","","","","",
"几内亚","GIN","专利申请，非居民","IP.PAT.NRES","","","","","","","","","","","","","","","","","","","","","","","","","","","","","","","","","","","","","","","","","","","","","","","","","","","","","","","","","","","","","",
"冈比亚","GMB","专利申请，非居民","IP.PAT.NRES","","","","","","","","","","","","","","","","","","","","","","","","","","","","","","","","","","","","","","","","","","","","","","","","","","","","","","","","2","2","4","","16","",
"几内亚比绍共和国","GNB","专利申请，非居民","IP.PAT.NRES","","","","","","","","","","","","","","","","","","","","","","","","","","","","","","","","","","","","","","","","","","","","","","","","","","","","","","","","","","","","","",
"赤道几内亚","GNQ","专利申请，非居民","IP.PAT.NRES","","","","","","","","","","","","","","","","","","","","","","","","","","","","","","","","","","","","","","","","","","","","","","","","","","","","","","","","","","","","","",
"希腊","GRC","专利申请，非居民","IP.PAT.NRES","","","","","","","","","","","","","","","","","","","","","1570","1843","1911","1936","2142","2035","1714","586","457","454","466","192","211","171","139","46","37","57","34","33","34","49","36","27","28","20","30","20","30","22","16","20","28","19","19","23","40","91","149","238","",
"格林纳达","GRD","专利申请，非居民","IP.PAT.NRES","","","","","","","","","","","","","","","","","","","","","2","","","","","","","","","","","","","","","","","","","","","","","","","","","","","","","","26","33","17","9","17","","","","",
"格陵兰","GRL","专利申请，非居民","IP.PAT.NRES","","","","","","","","","","","","","","","","","","","","","","","","","","","","","","","","","","","","","","","","","","","","","","","","","","","","","","","","","","","","","",
"危地马拉","GTM","专利申请，非居民","IP.PAT.NRES","","","","","","","","","","","","","","","","","","","","","","","168","","115","92","106","76","82","75","97","104","79","94","99","77","142","175","218","267","250","285","293","296","266","388","500","99","306","322","374","327","337","319","288","341","266","275","228","231","",
"关岛","GUM","专利申请，非居民","IP.PAT.NRES","","","","","","","","","","","","","","","","","","","","","","","","","","","","","","","","","","","","","","","","","","","","","","","","","","","","","","","","","","","","","",
"圭亚那","GUY","专利申请，非居民","IP.PAT.NRES","","","","","","","","","","","","","","","","","","","","","","","","12","5","16","8","3","","","6","","","","","","","","","","","","","","","","","","","","","","14","16","19","13","17","23","18","","",
"高收入国家","HIC","专利申请，非居民","IP.PAT.NRES","","","","","","","","","","","","","","","","","","","","","233454","185953","180558","209622","204364","199026","191220","194020","211785","215756","208040","196929","200023","191449","205445","247145","269725","287368","295568","316015","334971","375710","373690","366059","383306","409958","437940","454171","457452","432323","452686","468623","492519","510211","525822","539334","544688","551906","559665","590468","",
"中国香港特别行政区","HKG","专利申请，非居民","IP.PAT.NRES","","","","","","","","","","","","","","","","","","","","","","","","871","810","955","1027","1107","1056","886","1060","1076","1248","1186","1619","1938","2059","2359","14539","5998","8244","8840","9018","8995","9878","11607","13618","13606","13489","11708","11569","13312","12817","13690","12350","11973","13859","12975","15672","16186","",
"洪都拉斯","HND","专利申请，非居民","IP.PAT.NRES","","","","","","","","","","","","","","","","","","","","","40","","183","24","19","16","","31","27","","17","","30","","","40","126","","","148","135","155","161","","","","","","","","","253","233","211","","224","185","189","148","187","",
"重债穷国 (HIPC)","HPC","专利申请，非居民","IP.PAT.NRES","","","","","","","","","","","","","","","","","","","","","","","","","","","","","","","","","","","","","","","","","","","","","","","","","","","","","","","","","","","","","",
"克罗地亚","HRV","专利申请，非居民","IP.PAT.NRES","","","","","","","","","","","","","","","","","","","","","","","","","","","","","","","","","1010","746","584","335","356","439","352","144","538","599","703","699","839","649","119","93","71","68","21","21","32","23","30","17","13","11","15","16","",
"海地","HTI","专利申请，非居民","IP.PAT.NRES","","","","","","","","","","","","","","","","","","","","","13","","24","15","11","15","20","9","4","","","5","","","","","6","","","5","","","","","","","","","","","","13","15","11","19","","","","","","",
"匈牙利","HUN","专利申请，非居民","IP.PAT.NRES","","","","","","","","","","","","","","","","","","","","","1571","1528","1559","1530","1606","1531","1606","1630","1629","1666","1976","1799","1633","1323","1328","1793","850","888","904","3779","4127","4529","5064","4054","1909","497","206","102","89","30","47","36","66","66","73","64","49","36","36","23","",
"只有IBRD","IBD","专利申请，非居民","IP.PAT.NRES","","","","","","","","","","","","","","","","","","","","","","","","","","31028","28375","32406","29771","32891","36290","37042","55437","55180","60867","64081","79312","102716","119712","116665","119486","126140","127625","134582","157851","189467","202070","218443","230077","203147","221739","244977","253559","262798","271355","282651","273788","272804","286730","296192","",
"IBRD与IDA","IBT","专利申请，非居民","IP.PAT.NRES","","","","","","","","","","","","","","","","","","","","","","","","","","32170","29103","33052","30337","33321","37443","37872","56525","56510","62164","65385","81065","104505","121310","118788","121541","128316","129486","136278","159544","191302","204498","220679","232230","203844","223562","248003","256486","265892","273311","284552","275881","274949","289083","297647","",
"IDA總","IDA","专利申请，非居民","IP.PAT.NRES","","","","","","","","","","","","","","","","","","","","","","","","","","","","","","","","","","","","","","","","","","","","","","","","","","","","","","","","","","","","","",
"IDA混合","IDB","专利申请，非居民","IP.PAT.NRES","","","","","","","","","","","","","","","","","","","","","","","","","","","","","","","931","","","","","","","","","","","","","","","","","","","","","2004","1891","2144","","","1074","930","1035","","",
"印度尼西亚","IDN","专利申请，非居民","IP.PAT.NRES","","","","","","","","","","","","","","","","","","","","","475","","636","682","559","731","591","601","","661","","1280","3905","2031","2305","2813","3957","3939","1753","2784","3733","3714","3609","3099","3441","4069","4324","4850","4747","4103","5122","5297","","6787","7321","8095","8538","7032","8347","8388","",
"只有IDA","IDX","专利申请，非居民","IP.PAT.NRES","","","","","","","","","","","","","","","","","","","","","","","","","","","","","","","","","","","","","","","","","","","","","","","","","","","","","","","","","","","","","",
"马恩岛","IMN","专利申请，非居民","IP.PAT.NRES","","","","","","","","","","","","","","","","","","","","","","","","","","","","","","","","","","","","","","","","","","","","","","","","","","","","","","","","","","","","","",
"印度","IND","专利申请，非居民","IP.PAT.NRES","","","","","","","","","","","","","","","","","","","","","1817","1834","1948","","2291","2493","2497","2520","2504","2600","2673","2328","2176","2511","3212","5021","6901","8229","6707","2620","6332","8213","8772","9188","13452","19661","23242","28922","30387","27025","30909","33450","34402","32362","30814","33079","31858","31621","33766","34173","",
"未分类国家","INX","专利申请，非居民","IP.PAT.NRES","","","","","","","","","","","","","","","","","","","","","","","","","","","","","","","","","","","","","","","","","","","","","","","","","","","","","","","","","","","","","",
"爱尔兰","IRL","专利申请，非居民","IP.PAT.NRES","","","","","","","","","","","","","","","","","","","","","2355","2649","2676","2527","2721","2614","2678","2846","3174","3494","4001","3794","","","","","","","","","","","","","","","","","","","","","","","","","70","75","32","35","",
"伊朗伊斯兰共和国","IRN","专利申请，非居民","IP.PAT.NRES","","","","","","","","","","","","","","","","","","","","","493","321","273","280","312","223","","165","173","170","173","165","175","164","131","129","227","115","159","177","206","302","285","355","356","443","557","502","552","516","528","489","432","338","119","","702","995","915","578","",
"伊拉克","IRQ","专利申请，非居民","IP.PAT.NRES","","","","","","","","","","","","","","","","","","","","","126","107","129","128","94","77","54","49","52","75","","","25","28","25","24","18","","","","","","","","","","","","","","","","","","","102","","101","77","","",
"冰岛","ISL","专利申请，非居民","IP.PAT.NRES","","","","","","","","","","","","","","","","","","","","","58","79","62","62","70","71","92","91","110","87","113","99","121","112","108","49","75","216","254","357","825","713","379","748","463","545","326","53","31","22","19","21","7","13","13","6","3","8","10","15","",
"以色列","ISR","专利申请，非居民","IP.PAT.NRES","","","","","","","","","","","","","","","","","","","","","2104","2132","2207","2295","2690","2727","2830","3035","2859","3048","2856","2630","2327","2635","2701","3159","2101","1445","3106","3904","5203","5521","5095","4569","4870","5157","6154","6394","6214","5387","5856","5526","5473","4984","5148","5623","5119","5377","5857","6370","",
"意大利","ITA","专利申请，非居民","IP.PAT.NRES","","","","","","","","","","","","","","","","","","","","","9971","","","12080","","7851","","","8000","","","","486","483","439","","1678","","","1172","1396","","","","","","","870","861","903","846","927","871","905","781","","973","1031","900","898","",
"牙买加","JAM","专利申请，非居民","IP.PAT.NRES","","","","","","","","","","","","","","","","","","","","","","","","93","93","","","101","","","77","39","59","64","60","54","77","61","","","90","72","54","41","61","59","132","157","121","110","142","93","82","97","122","63","59","57","53","51","",
"约旦","JOR","专利申请，非居民","IP.PAT.NRES","","","","","","","","","","","","","","","","","","","","","68","91","24","","","","","","","61","","","","","","","","","","","127","147","117","157","141","169","428","507","535","446","429","360","346","357","339","294","256","174","109","290","",
"日本","JPN","专利申请，非居民","IP.PAT.NRES","","","","","","","","","","","","","","","","","","","","","25290","","","24977","26119","25503","26030","25976","26984","27787","27752","26026","24699","23726","21940","35061","37629","52407","44716","46926","35342","57433","56601","54909","54665","59118","61614","62793","60892","53281","54517","55030","55783","56705","60030","59882","58137","58189","59937","62597","",
"哈萨克斯坦","KAZ","专利申请，非居民","IP.PAT.NRES","","","","","","","","","","","","","","","","","","","","","","","","","","","","","","","","","12","1205","183","342","325","303","159","111","116","99","103","102","111","103","124","194","189","314","273","317","","378","271","232","231","173","193","","",
"肯尼亚","KEN","专利申请，非居民","IP.PAT.NRES","","","","","","","","","","","","","","","","","","","","","96","75","76","100","122","98","107","108","55","65","","20","","37","","","38","40","34","30","","","49","73","53","59","41","91","89","123","120","122","136","114","75","56","59","43","42","41","",
"吉尔吉斯斯坦","KGZ","专利申请，非居民","IP.PAT.NRES","","","","","","","","","","","","","","","","","","","","","","","","","","","","","","","","","","","259","29","142","55","12","2","4","14","5","1","","","","3","3","3","6","5","1","3","7","4","5","9","","1","",
"柬埔寨","KHM","专利申请，非居民","IP.PAT.NRES","","","","","","","","","","","","","","","","","","","","","","","","","","","","","","","","","","","","","","","","","","","","","","","","13","39","28","26","43","53","74","65","65","77","55","159","","",
"基里巴斯","KIR","专利申请，非居民","IP.PAT.NRES","","","","","","","","","","","","","","","","","","","","","","","","","","1","","","","","","","","","","","","","","2","","","","","","","","","","","","","","","","","","","","","",
"圣基茨和尼维斯","KNA","专利申请，非居民","IP.PAT.NRES","","","","","","","","","","","","","","","","","","","","","","","","","","","","","","","","","","","","","","","","","","","","","","","","","","","","","","","","4","5","9","4","","",
"大韩民国","KOR","专利申请，非居民","IP.PAT.NRES","","","","","","","","","","","","","","","","","","","","","3829","3984","4368","4795","6636","7883","9115","12186","14355","16295","16738","14880","15122","15044","17158","19271","21921","25325","24637","24672","29179","30898","29566","28338","34865","38733","40713","43768","43518","36207","38296","40890","40779","44611","46219","46419","45406","45691","47431","47372","",
"科威特","KWT","专利申请，非居民","IP.PAT.NRES","","","","","","","","","","","","","","","","","","","","","","","","","","","","","","","","","","","","","","","","","","","","","","","","","","","","","","","","","37","","256","","",
"拉丁美洲与加勒比海地区（不包括高收入）","LAC","专利申请，非居民","IP.PAT.NRES","","","","","","","","","","","","","","","","","","","","","15333","16193","14255","12829","12258","8708","8627","9342","9237","9296","12123","12326","14849","15841","18598","15241","18586","31560","31505","35750","36661","35300","32753","31415","32762","37286","41309","43799","45861","40771","43516","46451","49085","49828","50513","51519","47164","44688","43104","42863","",
"老挝","LAO","专利申请，非居民","IP.PAT.NRES","","","","","","","","","","","","","","","","","","","","","","","","","","","","","","","","","","","","","","","","","","","","","11","4","14","21","36","18","20","43","53","69","43","61","63","97","58","","",
"黎巴嫩","LBN","专利申请，非居民","IP.PAT.NRES","","","","","","","","","","","","","","","","","","","","","","","","","","","","","","","","","","","","","","","","","","","","","","","","","","","","","","250","261","194","","","","","",
"利比里亚","LBR","专利申请，非居民","IP.PAT.NRES","","","","","","","","","","","","","","","","","","","","","","","","","","","","","","","","11","","21","","","","","","","","","","","","","","","","","","","","","","","","","","","",
"利比亚","LBY","专利申请，非居民","IP.PAT.NRES","","","","","","","","","","","","","","","","","","","","","","","","","","","","","","24","47","22","","21","21","37","23","","","","","","","","","","","","","","","","","","","","","","","","",
"圣卢西亚","LCA","专利申请，非居民","IP.PAT.NRES","","","","","","","","","","","","","","","","","","","","","14","10","","5","1","","","","","","2","","1","","","4","5","","","","","7","","","","","","","","","","","","","","","","","","","",
"拉丁美洲与加勒比海地区","LCN","专利申请，非居民","IP.PAT.NRES","","","","","","","","","","","","","","","","","","","","","18229","19233","17103","15132","14439","10708","10672","11433","10035","11273","13880","14456","17359","18718","21742","17060","22471","36818","34649","39071","42558","38671","37830","36331","37919","43034","47719","50846","52677","45025","46886","51214","54246","54244","55532","56102","50470","48231","45942","45774","",
"最不发达国家：联合国分类","LDC","专利申请，非居民","IP.PAT.NRES","","","","","","","","","","","","","","","","","","","","","","","","","","","","","","","","","","","","","","","","","","","","","","","","","","","","","","","","","","","","","",
"低收入国家","LIC","专利申请，非居民","IP.PAT.NRES","","","","","","","","","","","","","","","","","","","","","","","","","","","","","","","","","","","","","","","","","","","","","","","","","","","","","","","","","","","","","",
"列支敦士登","LIE","专利申请，非居民","IP.PAT.NRES","","","","","","","","","","","","","","","","","","","","","","","","","","","","","","","","","","","","","","","","","","","","","","","","","","","","","","","","","","","","","",
"斯里兰卡","LKA","专利申请，非居民","IP.PAT.NRES","","","","","","","","","","","","","","","","","","","","","67","102","76","85","78","80","103","90","92","94","83","92","91","77","57","113","114","193","158","248","250","236","202","189","195","211","270","279","264","200","235","235","","188","","263","293","266","260","255","",
"中低等收入国家","LMC","专利申请，非居民","IP.PAT.NRES","","","","","","","","","","","","","","","","","","","","","7232","","6673","","6730","7297","6264","6461","5926","6738","7046","7538","10011","11138","10902","14729","18887","20783","18321","15370","20115","21073","18839","19795","26006","35071","39872","48845","49996","43143","51570","55096","50178","55493","53488","56849","56757","56349","61249","61741","",
"中低收入国家","LMY","专利申请，非居民","IP.PAT.NRES","","","","","","","","","","","","","","","","","","","","","","","","","","29440","26390","30224","28816","30514","34460","34715","51707","51887","57140","61998","75561","94889","113686","110847","110207","120103","119507","126811","148269","180672","197577","213573","225326","199587","220071","243269","251332","261536","268384","279926","272651","271425","286224","294684","",
"莱索托","LSO","专利申请，非居民","IP.PAT.NRES","","","","","","","","","","","","","","","","","","","","","","","","","","","","","","14","","","","","","2","","","","","","","","","","","","","","","","","","","","","","","","","",
"後期人口紅利","LTE","专利申请，非居民","IP.PAT.NRES","","","","","","","","","","","","","","","","","","","","","","","","","","16669","15249","18665","17974","19156","20647","20463","29159","27891","30445","36301","44113","59122","80665","81763","76321","81638","85409","93595","108713","129412","135317","141758","152475","135912","148562","170860","183232","187681","196672","204301","197273","199694","211273","221592","",
"立陶宛","LTU","专利申请，非居民","IP.PAT.NRES","","","","","","","","","","","","","","","","","","","","","","","","","","","","","","","","","117","1036","180","27","78","77","71","71","61","55","46","49","44","47","34","20","18","16","6","15","15","20","42","18","58","46","24","33","",
"卢森堡","LUX","专利申请，非居民","IP.PAT.NRES","","","","","","","","","","","","","","","","","","","","","897","708","616","","496","439","407","300","248","169","165","119","","166","74","69","77","102","68","86","91","70","42","8","18","64","26","25","23","24","21","43","52","56","90","119","301","512","243","359","",
"拉脱维亚","LVA","专利申请，非居民","IP.PAT.NRES","","","","","","","","","","","","","","","","","","","","","","","","","","","","","","","","","70","163","87","90","273","40","90","91","81","63","64","24","43","57","37","8","9","3","7","10","12","8","4","1","18","7","24","5","",
"中国澳门特别行政区","MAC","专利申请，非居民","IP.PAT.NRES","","","","","","","","","","","","","","","","","","","","","","","","","","","","","","","","","","","","","","","","","","7","12","","22","119","131","291","208","123","58","56","53","54","104","62","51","67","54","38","",
"圣马丁（法属）","MAF","专利申请，非居民","IP.PAT.NRES","","","","","","","","","","","","","","","","","","","","","","","","","","","","","","","","","","","","","","","","","","","","","","","","","","","","","","","","","","","","","",
"摩洛哥","MAR","专利申请，非居民","IP.PAT.NRES","","","","","","","","","","","","","","","","","","","","","315","299","284","300","294","255","225","234","238","204","268","301","","256","253","292","237","","401","","","","","","457","520","732","782","834","856","882","880","843","828","742","797","1066","2026","2350","2531","",
"摩纳哥","MCO","专利申请，非居民","IP.PAT.NRES","","","","","","","","","","","","","","","","","","","","","54","56","37","46","51","54","40","55","67","50","56","42","13","11","14","17","23","13","15","14","7","14","4","3","2","5","7","5","3","7","5","3","4","","4","1","7","17","11","5","",
"摩尔多瓦","MDA","专利申请，非居民","IP.PAT.NRES","","","","","","","","","","","","","","","","","","","","","","","","","","","","","","","","","","36","296","39","135","57","23","15","10","17","30","3","9","11","9","14","22","5","11","11","22","29","72","60","64","37","21","15","",
"马达加斯加","MDG","专利申请，非居民","IP.PAT.NRES","","","","","","","","","","","","","","","","","","","","","","","","","","","","","","","","","","","20","16","23","36","30","37","48","38","25","20","22","35","40","67","63","43","34","58","40","47","29","16","30","42","37","30","",
"马尔代夫","MDV","专利申请，非居民","IP.PAT.NRES","","","","","","","","","","","","","","","","","","","","","","","","","","","","","","","","","","","","","","","","","","","","","","","","","","","","","","","","","","","","","",
"中东与北非地区","MEA","专利申请，非居民","IP.PAT.NRES","","","","","","","","","","","","","","","","","","","","","4562","4332","4087","4249","4720","4191","","4216","4129","4433","4674","4384","3997","4630","4633","5382","4477","","6609","6911","7914","7990","7432","6659","7626","8475","","11650","","","11263","12342","11484","11713","11402","13454","12650","16161","16330","17410","",
"墨西哥","MEX","专利申请，非居民","IP.PAT.NRES","","","","","","","","","","","","","","","","","","","","","4768","5232","4763","3861","3771","3091","3071","3509","3748","3817","4400","4707","7130","7659","9446","4961","6365","10111","10440","11655","12630","13031","12536","11739","12633","13851","14931","15970","15896","13459","13625","12990","14020","14234","14889","16707","16103","15850","14869","14636","",
"马绍尔群岛","MHL","专利申请，非居民","IP.PAT.NRES","","","","","","","","","","","","","","","","","","","","","","","","","","","","","","","","","","","","","","","","","","","","","","","","","","","","","","","","","","","","","",
"中等收入国家","MIC","专利申请，非居民","IP.PAT.NRES","","","","","","","","","","","","","","","","","","","","","","","","","","29371","26340","30116","28744","30451","34369","34670","51613","51810","57059","61875","75445","94781","113602","110736","110039","119979","119375","126709","148155","180480","197279","213341","225246","199470","219916","243083","251146","261394","268245","279819","272547","271271","286048","294560","",
"北马其顿","MKD","专利申请，非居民","IP.PAT.NRES","","","","","","","","","","","","","","","","","","","","","","","","","","","","","","","","","","50","178","76","13","118","60","2","53","59","209","23","9","15","4","13","5","11","1","3","3","4","","","","","","","",
"马里","MLI","专利申请，非居民","IP.PAT.NRES","","","","","","","","","","","","","","","","","","","","","","7","","","","","","","","","","","","","","","","","","","","","","","","","","","","","","","","","","","","","","","",
"马耳他","MLT","专利申请，非居民","IP.PAT.NRES","","","","","","","","","","","","","","","","","","","","","17","17","15","16","15","20","12","17","14","13","17","21","22","16","21","13","18","24","26","72","93","107","180","","471","","805","29","34","21","7","6","6","4","8","2","1","","","7","",
"缅甸","MMR","专利申请，非居民","IP.PAT.NRES","","","","","","","","","","","","","","","","","","","","","","","","","","","","","","","","","","","","","","","","","","","","","","","","","","","","","","","","","","","","","",
"中东与北非地区（不包括高收入）","MNA","专利申请，非居民","IP.PAT.NRES","","","","","","","","","","","","","","","","","","","","","2394","2155","1824","1910","1950","1428","","1164","1256","1314","1362","1241","1012","1250","1224","1492","1548","","2191","1791","1821","1679","1605","1603","1890","2944","","4585","","","4757","4703","4455","4387","3992","3874","4212","5556","5546","5127","",
"黑山","MNE","专利申请，非居民","IP.PAT.NRES","","","","","","","","","","","","","","","","","","","","","","","","","","","","","","","","","","","","","","","","","","","","","","","","","914","","136","83","41","","","","","","","","",
"蒙古","MNG","专利申请，非居民","IP.PAT.NRES","","","","","","","","","","","","","","","","","","","","","","","","32","11","","","","","","","1","2","6","21","52","23","3","32","","","76","105","86","86","87","110","","","67","69","","","132","126","128","107","104","79","86","",
"北马里亚纳群岛","MNP","专利申请，非居民","IP.PAT.NRES","","","","","","","","","","","","","","","","","","","","","","","","","","","","","","","","","","","","","","","","","","","","","","","","","","","","","","","","","","","","","",
"莫桑比克","MOZ","专利申请，非居民","IP.PAT.NRES","","","","","","","","","","","","","","","","","","","","","","","","","","","","","","","","","","","","","","","","18","8","1","9","16","4","14","17","26","14","17","25","15","26","30","46","30","25","26","13","24","",
"毛里塔尼亚","MRT","专利申请，非居民","IP.PAT.NRES","","","","","","","","","","","","","","","","","","","","","","","","","","","","","","","","","","","","","","","","","","","","","","","","","","","","","","","","","","","","","",
"毛里求斯","MUS","专利申请，非居民","IP.PAT.NRES","","","","","","","","","","","","","","","","","","","","","10","19","8","","","5","21","5","14","11","3","8","12","4","12","4","19","12","12","","","","","","","","","","22","","","19","14","18","18","20","36","18","13","23","",
"马拉维","MWI","专利申请，非居民","IP.PAT.NRES","","","","","","","","","","","","","","","","","","","","","51","41","49","37","26","35","39","53","33","34","33","21","12","15","12","33","30","26","18","","17","","","","","","","","","","","","","","","","1","","","","",
"马来西亚","MYS","专利申请，非居民","IP.PAT.NRES","","","","","","","","","","","","","","","","","","","","","","","","","","1329","233","3195","1547","1803","2213","2321","2260","2684","3364","3911","5354","6272","5770","5624","6021","5663","4615","4686","4920","5764","4269","1702","4485","4503","5152","5376","5826","6006","6267","6455","6127","5906","6179","6480","",
"北美","NAC","专利申请，非居民","IP.PAT.NRES","","","","","","","","","","","","","","","","","","","","","64930","67276","70192","68002","74152","77044","81317","90120","97513","108397","104895","105257","113872","107548","120205","128341","130041","126520","132409","149701","166535","184711","185982","186799","200377","217571","240698","249940","261761","263604","279148","286189","304566","313955","324989","333762","340911","344021","343858","368590","",
"纳米比亚","NAM","专利申请，非居民","IP.PAT.NRES","","","","","","","","","","","","","","","","","","","","","","","","","","","","","","","158","130","","120","","","","","","","","","","","","","","","","","","","","","","11","14","15","15","12","",
"新喀里多尼亚","NCL","专利申请，非居民","IP.PAT.NRES","","","","","","","","","","","","","","","","","","","","","","","","","","","","","","","","","","","","","","","","","","","","","","","","","","","","","","","","","","","","","",
"尼日尔","NER","专利申请，非居民","IP.PAT.NRES","","","","","","","","","","","","","","","","","","","","","","","","","","","","","","","","","","","","","","","","","","","","","","","","","","","","","","","","","","","","","",
"尼日利亚","NGA","专利申请，非居民","IP.PAT.NRES","","","","","","","","","","","","","","","","","","","","","","","","","","431","","","","","246","","","","","","","","","","","","","","","","","","","","","747","676","869","","","150","180","218","","",
"尼加拉瓜","NIC","专利申请，非居民","IP.PAT.NRES","","","","","","","","","","","","","","","","","","","","","","","","64","49","33","39","","","","","","39","34","","35","","","","136","129","","","","","","","","","","","208","172","124","145","","","","","","",
"荷兰","NLD","专利申请，非居民","IP.PAT.NRES","","","","","","","","","","","","","","","","","","","","","5532","4228","3212","2611","2139","1658","1464","1201","1068","993","764","595","555","560","501","569","633","637","549","506","529","543","481","573","556","633","548","367","311","279","240","310","338","449","288","287","314","365","394","449","",
"挪威","NOR","专利申请，非居民","IP.PAT.NRES","","","","","","","","","","","","","","","","","","","","","3247","3785","3733","4068","4332","3694","3519","4616","4933","4324","4745","4213","4120","3886","4072","4280","4336","4959","5006","5255","5389","5242","5109","4782","4348","4843","4957","5431","4280","2358","696","654","555","648","457","652","833","908","592","582","",
"尼泊尔","NPL","专利申请，非居民","IP.PAT.NRES","","","","","","","","","","","","","","","","","","","","","","","3","","","1","","","","","","","2","3","1","5","","","","","","","","","","","","","","","","15","13","12","36","71","26","43","","","",
"瑙魯","NRU","专利申请，非居民","IP.PAT.NRES","","","","","","","","","","","","","","","","","","","","","","","","","","","","","","","","","","","","","","","","","","","","","","","","","","","","","","","","","","","","","",
"新西兰","NZL","专利申请，非居民","IP.PAT.NRES","","","","","","","","","","","","","","","","","","","","","2290","2424","2547","2683","3011","2967","3128","3368","3622","3660","3869","3550","3390","1866","2517","3435","6192","8259","4519","6541","5585","5507","5109","5028","4900","5112","5212","5952","4468","4803","5051","4708","5674","5167","6092","5317","5311","5146","5221","5690","",
"经合组织成员","OED","专利申请，非居民","IP.PAT.NRES","","","","","","","","","","","","","","","","","","","","","237968","191186","185345","212046","206947","200813","193993","197575","215422","219882","211933","201431","205653","198033","213879","249070","262181","289966","286933","317358","334352","373375","369883","361095","377367","404382","430739","447695","452257","427227","446799","459224","485095","501921","518439","532557","536153","541303","545244","571960","",
"阿曼","OMN","专利申请，非居民","IP.PAT.NRES","","","","","","","","","","","","","","","","","","","","","","","","","","","","","","","","","","","","","","","","","","","","","","","","","","","","","","","","341","366","387","404","476","",
"其他小国","OSS","专利申请，非居民","IP.PAT.NRES","","","","","","","","","","","","","","","","","","","","","","","","","","","","","","","","","","","","","","","","","","","","","","","","","","","","","","","","","","","","","",
"巴基斯坦","PAK","专利申请，非居民","IP.PAT.NRES","","","","","","","","","","","","","","","","","","","","","369","","","","","","","","","","524","502","605","617","574","678","799","1049","1275","1089","1149","1168","1057","1070","1008","1141","1647","1449","1375","","980","861","798","783","776","677","636","505","586","561","",
"巴拿马","PAN","专利申请，非居民","IP.PAT.NRES","","","","","","","","","","","","","","","","","","","","","90","90","97","134","98","78","83","73","79","44","53","68","66","80","86","62","142","","","","153","","","","","","","","371","370","468","420","234","78","274","389","349","376","362","328","",
"秘鲁","PER","专利申请，非居民","IP.PAT.NRES","","","","","","","","","","","","","","","","","","","","","280","375","294","266","","211","208","194","194","","219","216","262","254","369","","565","756","","944","1038","974","840","892","785","993","1232","1331","1504","657","261","1129","1136","1193","1204","1182","1091","1119","1133","1122","",
"菲律宾","PHL","专利申请，非居民","IP.PAT.NRES","","","","","","","","","","","","","","","","","","","","","1454","1514","1514","1613","1194","1489","1379","1568","1617","1772","1822","1774","1687","1860","1965","2207","2634","3440","3280","3217","3482","2470","705","1732","2538","2762","3034","3248","3097","2825","3223","3010","2832","3065","3255","3359","3092","3072","3771","3879","",
"帕劳","PLW","专利申请，非居民","IP.PAT.NRES","","","","","","","","","","","","","","","","","","","","","","","","","","","","","","","","","","","","","","","","","","","","","","","","","","","","","","","","","","","","","",
"巴布亚新几内亚","PNG","专利申请，非居民","IP.PAT.NRES","","","","","","","","","","","","","","","","","","","","","","","","","","","","","","","","","","","","","","","","","","","","","","","","","45","","","","","79","","46","","","","","",
"波兰","POL","专利申请，非居民","IP.PAT.NRES","","","","","","","","","","","","","","","","","","","","","1644","1188","990","783","798","770","713","769","763","843","1315","1086","1354","1013","1327","1265","1297","3950","4128","4671","4899","4328","4292","3973","5359","4555","655","361","290","241","227","244","247","174","155","139","135","117","115","112","",
"預人口紅利","PRE","专利申请，非居民","IP.PAT.NRES","","","","","","","","","","","","","","","","","","","","","","","","","","","","","","","","","","","","","","","","","","","","","","","","","","","","","","","","","","","","","",
"波多黎各","PRI","专利申请，非居民","IP.PAT.NRES","","","","","","","","","","","","","","","","","","","","","","","","","","","","","","","","","","","","","","","","","","","","","","","","","","","","","","","","","","","","","",
"朝鲜民主主义人民共和国","PRK","专利申请，非居民","IP.PAT.NRES","","","","","","","","","","","","","","","","","","","","","","","","","","","8","32","13","13","38","8","8","","","","","","","","","","","","","66","56","76","","55","39","39","27","","","","","","","","",
"葡萄牙","PRT","专利申请，非居民","IP.PAT.NRES","","","","","","","","","","","","","","","","","","","","","1731","1843","1734","1760","1756","1906","2191","2258","2410","3311","3541","3453","1138","180","88","120","76","101","61","114","65","56","49","40","64","47","36","31","24","46","46","75","26","22","18","20","27","36","29","104","",
"巴拉圭","PRY","专利申请，非居民","IP.PAT.NRES","","","","","","","","","","","","","","","","","","","","","","","","50","32","35","","","","34","36","","44","71","","","","","","","211","253","171","173","187","241","364","295","265","246","347","","","","","","","","","","",
"约旦河西岸和加沙","PSE","专利申请，非居民","IP.PAT.NRES","","","","","","","","","","","","","","","","","","","","","","","","","","","","","","","","","","","","","","","","","","","","","","","","","","","","","","","","","","","","","",
"太平洋岛国","PSS","专利申请，非居民","IP.PAT.NRES","","","","","","","","","","","","","","","","","","","","","","","","","","27","","","","","","","","","","","","","","","","","","","","","","","","","","","","","","","","","","","",
"人口紅利之後","PST","专利申请，非居民","IP.PAT.NRES","","","","","","","","","","","","","","","","","","","","","226976","179687","174308","203770","197893","192280","184275","186813","204262","207650","198907","188081","194643","187369","199891","240489","263425","278339","283692","303074","319697","361604","360417","353953","370887","398533","429401","445262","449643","427157","447311","460503","484332","502380","516949","528063","534859","539128","547142","576139","",
"法属波利尼西亚","PYF","专利申请，非居民","IP.PAT.NRES","","","","","","","","","","","","","","","","","","","","","","","","","","","","","","","","","","","","","","","","","","","","","","","","","","","","","","","","","","","","","",
"卡塔尔","QAT","专利申请，非居民","IP.PAT.NRES","","","","","","","","","","","","","","","","","","","","","","","","","","","","","","","","","","","","","","","","","","","","","","","","","","","","","58","323","477","","548","574","","799","",
"罗马尼亚","ROU","专利申请，非居民","IP.PAT.NRES","","","","","","","","","","","","","","","","","","","","","726","681","638","487","457","379","225","291","181","191","304","361","420","628","500","421","636","722","894","330","287","277","363","293","200","68","62","59","36","37","36","39","55","53","84","78","58","80","47","58","",
"俄罗斯联邦","RUS","专利申请，非居民","IP.PAT.NRES","","","","","","","","","","","","","","","","","","","","","","","","","","","","","","","","","11850","3974","4495","6893","7980","8123","8299","7944","8960","9313","9596","9901","7205","8609","9807","11934","14137","12966","13778","14919","15510","16149","16236","16248","14792","14106","13031","12174","",
"卢旺达","RWA","专利申请，非居民","IP.PAT.NRES","","","","","","","","","","","","","","","","","","","","","3","7","2","3","6","1","1","2","5","1","4","1","2","","3","","","","","4","","","","","","","","","","","","","30","","7","1","3","2","1","","",
"南亚","SAS","专利申请，非居民","IP.PAT.NRES","","","","","","","","","","","","","","","","","","","","","2355","2069","2131","","2473","2670","2677","2708","2705","2770","3356","2999","2963","3279","3933","5973","7945","9590","8324","4157","7979","9853","10277","10707","14923","21307","25447","30920","32304","27500","32400","34830","35501","33592","31875","34396","33081","32679","34911","35334","",
"沙特阿拉伯","SAU","专利申请，非居民","IP.PAT.NRES","","","","","","","","","","","","","","","","","","","","","","","","","","","","","","58","439","492","605","729","687","718","810","1001","1286","1144","797","683","552","487","395","374","419","642","","","643","643","","440","135","1691","2196","2282","2321","2463","",
"苏丹","SDN","专利申请，非居民","IP.PAT.NRES","","","","","","","","","","","","","","","","","","","","","","","","67","","","","","","","","","26","","","","","","","4","16","13","20","11","17","16","13","13","3","2","2","3","","","8","1","1","12","31","7","",
"塞内加尔","SEN","专利申请，非居民","IP.PAT.NRES","","","","","","","","","","","","","","","","","","","","","","","","","","","","","","","","","","","","","","","","","","","","","","","","","","","","","","","","","","","","","",
"新加坡","SGP","专利申请，非居民","IP.PAT.NRES","","","","","","","","","","","","","","","","","","","","","631","603","","852","927","1003","","","","","","","","","","2412","12357","6048","6367","6679","7720","7726","7575","7248","7944","8036","8537","9255","8899","7986","8878","8738","8604","8579","9009","9345","9379","9321","10270","12409","",
"所罗门群岛","SLB","专利申请，非居民","IP.PAT.NRES","","","","","","","","","","","","","","","","","","","","","","","","4","12","4","8","6","2","2","","","","","","","","","","","","","","","","","","","","","","","","","","","","","","","",
"塞拉利昂","SLE","专利申请，非居民","IP.PAT.NRES","","","","","","","","","","","","","","","","","","","","","","","","","","","","","","","","","","","","5","","","","","","","","","","","","","","","","","","","","","","","","","",
"萨尔瓦多","SLV","专利申请，非居民","IP.PAT.NRES","","","","","","","","","","","","","","","","","","","","","79","","61","84","65","40","","","","34","44","26","97","75","76","64","","","","","","","","","","","","","","","","","217","183","187","196","171","178","136","147","",
"圣马力诺","SMR","专利申请，非居民","IP.PAT.NRES","","","","","","","","","","","","","","","","","","","","","","","","","","","","","","","","","","","","","","","","","","","","","","","","","","","","","","155","191","296","467","604","681","741","",
"索马里","SOM","专利申请，非居民","IP.PAT.NRES","","","","","","","","","","","","","","","","","","","","","","","","","7","7","","","","","","","","","","","","","","","","","","","","","","","","","","","","","","","","","","","",
"塞尔维亚","SRB","专利申请，非居民","IP.PAT.NRES","","","","","","","","","","","","","","","","","","","","","","","","","","","","","","","","","","","","","","","","","","","","","694","609","273","121","237","40","39","49","32","20","10","13","21","13","11","9","",
"撒哈拉以南非洲地区（不包括高收入）","SSA","专利申请，非居民","IP.PAT.NRES","","","","","","","","","","","","","","","","","","","","","","","","","","","","","","","","","","","","","","","","","","","","","","","","","","","","","","","","","","","","","",
"南苏丹","SSD","专利申请，非居民","IP.PAT.NRES","","","","","","","","","","","","","","","","","","","","","","","","","","","","","","","","","","","","","","","","","","","","","","","","","","","","","","","","","","","","","",
"撒哈拉以南非洲地区","SSF","专利申请，非居民","IP.PAT.NRES","","","","","","","","","","","","","","","","","","","","","","","","","","","","","","","","","","","","","","","","","","","","","","","","","","","","","","","","","","","","","",
"小国","SST","专利申请，非居民","IP.PAT.NRES","","","","","","","","","","","","","","","","","","","","","","","","","","","","","","","","","","","","","","","","","","","","","","","","","","","","","","","","","","","","","",
"圣多美和普林西比","STP","专利申请，非居民","IP.PAT.NRES","","","","","","","","","","","","","","","","","","","","","","","","","","","","","","","","","","","","","","","","","","","","","","","","","","1","1","2","","8","3","","238","379","408","","",
"苏里南","SUR","专利申请，非居民","IP.PAT.NRES","","","","","","","","","","","","","","","","","","","","","","","","","","","","","","","","","","","","","","","","","","","","","","","","","","","","","","","","","","","","","",
"斯洛伐克共和国","SVK","专利申请，非居民","IP.PAT.NRES","","","","","","","","","","","","","","","","","","","","","","","","","","","","","","","","","","681","620","1400","1498","1578","1612","1683","1804","1696","1599","1437","238","95","90","106","75","63","48","33","35","26","23","28","15","23","14","28","",
"斯洛文尼亚","SVN","专利申请，非居民","IP.PAT.NRES","","","","","","","","","","","","","","","","","","","","","","","","","","","","","","","","1","409","784","404","116","201","238","127","138","124","107","101","60","42","29","12","15","6","12","11","11","","","","","","","23","","",
"瑞典","SWE","专利申请，非居民","IP.PAT.NRES","","","","","","","","","","","","","","","","","","","","","5086","3968","3442","2958","2705","2322","1939","1695","1462","1270","1073","702","657","614","636","924","857","940","753","853","844","574","597","703","462","438","413","398","306","463","353","337","148","163","441","390","352","305","442","388","",
"斯威士兰","SWZ","专利申请，非居民","IP.PAT.NRES","","","","","","","","","","","","","","","","","","","","","","","","","35","30","","","","27","","","47","","","","","","","","","","","","","","","","","","","6","3","","2","2","","","","","",
"圣马丁(荷属)","SXM","专利申请，非居民","IP.PAT.NRES","","","","","","","","","","","","","","","","","","","","","","","","","","","","","","","","","","","","","","","","","","","","","","","","","","","","","","","","","","","","","",
"塞舌尔","SYC","专利申请，非居民","IP.PAT.NRES","","","","","","","","","","","","","","","","","","","","","3","7","","3","1","2","","","5","","","","","","","1","6","","","","","","","","","","","","","","","","","","","","14","46","17","12","",
"阿拉伯叙利亚共和国","SYR","专利申请，非居民","IP.PAT.NRES","","","","","","","","","","","","","","","","","","","","","98","76","81","","","","","","","","","","33","40","42","68","59","46","9","","48","39","47","36","40","34","133","","","","","","","","","","","16","45","32","",
"特克斯科斯群岛","TCA","专利申请，非居民","IP.PAT.NRES","","","","","","","","","","","","","","","","","","","","","","","","","","","","","","","","","","","","","","","","","","","","","","","","","","","","","","","","","","","","","",
"乍得","TCD","专利申请，非居民","IP.PAT.NRES","","","","","","","","","","","","","","","","","","","","","","","","","","","","","","","","","","","","","","","","","","","","","","","","","","","","","","","","","","","","","",
"东亚与太平洋地区 (IBRD与IDA)","TEA","专利申请，非居民","IP.PAT.NRES","","","","","","","","","","","","","","","","","","","","","","","","","","8724","7379","10268","9081","10545","10224","11361","14196","16661","18617","21719","28369","32138","50152","51590","45489","51367","54476","63559","81478","99744","107125","110460","116542","104516","115722","130609","135377","145796","155102","163413","162917","163828","179450","190078","",
"欧洲与中亚地区 (IBRD与IDA)","TEC","专利申请，非居民","IP.PAT.NRES","","","","","","","","","","","","","","","","","","","","","","","","","","","","","","","","","16270","11939","11600","13451","14352","18417","18699","19227","21196","21309","19651","18759","17451","18375","14675","16538","19644","17221","18128","19276","19350","20329","20090","20064","18287","17201","16088","14780","",
"多哥","TGO","专利申请，非居民","IP.PAT.NRES","","","","","","","","","","","","","","","","","","","","","","","","","","","","","","","","","","","","","","","","","","","","","","","","","","","","","","","","","","","","","",
"泰国","THA","专利申请，非居民","IP.PAT.NRES","","","","","","","","","","","","","","","","","","","","","202","306","331","512","619","652","634","814","1041","1381","1867","1907","1906","2353","2816","3387","4355","5148","4592","4438","4488","4798","3874","4329","4554","5449","5221","5873","5839","4832","723","2997","5726","5832","6924","7138","6722","6886","7245","7351","",
"塔吉克斯坦","TJK","专利申请，非居民","IP.PAT.NRES","","","","","","","","","","","","","","","","","","","","","","","","","","","","","","","","","","","169","30","141","51","9","5","7","1","","1","2","6","","","","1","3","1","3","2","","1","","","","1","",
"土库曼斯坦","TKM","专利申请，非居民","IP.PAT.NRES","","","","","","","","","","","","","","","","","","","","","","","","","","","","","","","","","","","","","170","50","16","5","","","","","","","","","","","","","","","","","","","","","",
"拉丁美洲与加勒比海地区 (IBRD与IDA)","TLA","专利申请，非居民","IP.PAT.NRES","","","","","","","","","","","","","","","","","","","","","18115","19086","17014","15101","14338","10666","10635","11433","10003","11273","13829","14405","17311","18705","21711","17027","22431","36787","34649","38876","42558","38586","37737","36210","37839","42778","47512","50527","52404","44774","46798","50959","53987","53987","55255","55989","50232","48038","45816","45686","",
"东帝汶","TLS","专利申请，非居民","IP.PAT.NRES","","","","","","","","","","","","","","","","","","","","","","","","","","","","","","","","","","","","","","","","","","","","","","","","","","","","","","","","","","","","","",
"中东与北非地区 (IBRD与IDA)","TMN","专利申请，非居民","IP.PAT.NRES","","","","","","","","","","","","","","","","","","","","","2394","2155","1824","1910","1950","1428","","1164","1256","1314","1362","1241","1012","1250","1224","1492","1548","","2191","1791","1821","1679","1605","1603","1890","2944","","4585","","","4757","4703","4455","4387","3992","3874","4212","5556","5546","5127","",
"汤加","TON","专利申请，非居民","IP.PAT.NRES","","","","","","","","","","","","","","","","","","","","","","","","","","","","","","","","","","","","","","","","","","","","","","","","","","","","","","","","","1","1","","","",
"南亚 (IBRD与IDA)","TSA","专利申请，非居民","IP.PAT.NRES","","","","","","","","","","","","","","","","","","","","","2355","2069","2131","","2473","2670","2677","2708","2705","2770","3356","2999","2963","3279","3933","5973","7945","9590","8324","4157","7979","9853","10277","10707","14923","21307","25447","30920","32304","27500","32400","34830","35501","33592","31875","34396","33081","32679","34911","35334","",
"撒哈拉以南非洲地区 (IBRD与IDA)","TSS","专利申请，非居民","IP.PAT.NRES","","","","","","","","","","","","","","","","","","","","","","","","","","","","","","","","","","","","","","","","","","","","","","","","","","","","","","","","","","","","","",
"特立尼达和多巴哥","TTO","专利申请，非居民","IP.PAT.NRES","","","","","","","","","","","","","","","","","","","","","123","","83","","","","","","","","","","54","62","70","63","110","154","107","120","154","239","221","231","205","205","278","317","280","","","","213","174","184","165","133","171","135","112","",
"突尼斯","TUN","专利申请，非居民","IP.PAT.NRES","","","","","","","","","","","","","","","","","","","","","214","183","","197","201","202","139","120","118","118","134","104","98","100","106","115","128","174","200","190","210","156","58","120","223","282","379","416","472","452","508","543","476","437","400","409","348","383","271","","",
"土耳其","TUR","专利申请，非居民","IP.PAT.NRES","","","","","","","","","","","","","","","","","","","","","527","368","385","","447","461","552","760","747","886","1090","1057","1063","1057","1216","1520","735","1327","2276","2744","3156","2875","1424","348","235","218","160","211","176","177","177","228","232","269","331","489","618","380","310","217","",
"图瓦卢","TUV","专利申请，非居民","IP.PAT.NRES","","","","","","","","","","","","","","","","","","","","","","","","","","","","","","","","","","","","","","","","","","","","","","","","","","","","","","","","","","","","","",
"坦桑尼亚","TZA","专利申请，非居民","IP.PAT.NRES","","","","","","","","","","","","","","","","","","","","","88","","30","57","","30","","","37","23","","","","","","","","","","","","3","2","1","3","3","1","4","5","3","1","2","","3","4","1","","","","","",
"乌干达","UGA","专利申请，非居民","IP.PAT.NRES","","","","","","","","","","","","","","","","","","","","","28","55","17","16","28","26","","21","21","14","13","4","11","","","","","","","","","","","","1","","","1","","","","","","4","3","","","","","","",
"乌克兰","UKR","专利申请，非居民","IP.PAT.NRES","","","","","","","","","","","","","","","","","","","","","","","","","","","","","","","","","","1909","555","1156","1257","1568","1631","1621","1604","1610","1153","1438","1689","2054","2416","2723","2872","2380","2756","2604","2464","2556","2356","2226","1862","1764","1861","1755","",
"中高等收入国家","UMC","专利申请，非居民","IP.PAT.NRES","","","","","","","","","","","","","","","","","","","","","","","","","","22074","20076","23655","22818","23713","27323","27132","41602","40672","46157","47146","56558","73998","95281","95366","89924","98906","100536","106914","122149","145409","157407","164496","175250","156327","168346","187987","200968","205901","214757","222970","215790","214922","224799","232819","",
"乌拉圭","URY","专利申请，非居民","IP.PAT.NRES","","","","","","","","","","","","","","","","","","","","","213","227","157","174","147","105","124","101","144","111","","137","140","147","151","221","182","370","469","525","572","543","466","504","514","589","725","739","706","750","761","667","678","","639","532","","500","","","",
"美国","USA","专利申请，非居民","IP.PAT.NRES","","","","","","","","","","","","","","","","","","","","","42231","44009","46309","44312","49443","51562","55721","63522","68644","76337","80520","84160","90922","84241","95522","104180","105054","101282","102246","116512","131100","148958","150200","153500","167407","182866","204182","214807","224733","231194","248249","255832","274033","283781","293706","301075","310244","313052","312046","336340","",
"乌兹别克斯坦","UZB","专利申请，非居民","IP.PAT.NRES","","","","","","","","","","","","","","","","","","","","","","","","","","","","","","","","","","295","64","19","53","367","","361","213","443","203","171","205","180","186","198","186","174","262","274","253","258","223","219","202","196","180","169","",
"圣文森特和格林纳丁斯","VCT","专利申请，非居民","IP.PAT.NRES","","","","","","","","","","","","","","","","","","","","","","","","","","","","","","","","","","","","","8","","","","2","","","","","","","","","","","","2","8","8","7","","3","4","3","",
"委内瑞拉玻利瓦尔共和国","VEN","专利申请，非居民","IP.PAT.NRES","","","","","","","","","","","","","","","","","","","","","1831","1980","1893","1482","1359","1303","1292","1369","","1184","1090","1128","1338","1489","1505","","1822","2323","","","2292","","2150","1984","1873","2232","2439","2479","2325","2051","1773","1564","1461","1389","1377","928","560","338","","","",
"英屬維爾京群島","VGB","专利申请，非居民","IP.PAT.NRES","","","","","","","","","","","","","","","","","","","","","","","","","","","","","","","","","","","","","","","","","","","","","","","","","","","","","","","","","","","","","",
"美属维京群岛","VIR","专利申请，非居民","IP.PAT.NRES","","","","","","","","","","","","","","","","","","","","","","","","","","","","","","","","","","","","","","","","","","","","","","","","","","","","","","","","","","","","","",
"越南","VNM","专利申请，非居民","IP.PAT.NRES","","","","","","","","","","","","","","","","","","","","","","","","","","3","2","","2","16","17","25","49","193","270","659","929","1234","1080","1107","1205","1234","1142","1072","1328","1767","1970","2641","2995","2632","3276","3260","3423","3552","3960","4451","4668","4790","5425","6800","",
"瓦努阿图","VUT","专利申请，非居民","IP.PAT.NRES","","","","","","","","","","","","","","","","","","","","","","","","","","","","","","","","","","","","","","","","","","","","","","","","","","","","","","","","","","","","","",
"世界","WLD","专利申请，非居民","IP.PAT.NRES","","","","","","","","","","","","","","","","","","","","","","","","","","229769","218902","225613","240601","247454","243590","232772","253068","244825","264090","309143","347108","384580","409254","426862","447470","495813","495347","494854","533448","592862","637956","670223","685103","633961","674530","713456","745312","773136","795583","820188","817899","823669","845889","885152","",
"萨摩亚","WSM","专利申请，非居民","IP.PAT.NRES","","","","","","","","","","","","","","","","","","","","","2","","","","","4","","","","","","2","","","","2","3","","","","","","","7","2","","","11","","","","","","","99","3","","","","1","",
"科索沃","XKX","专利申请，非居民","IP.PAT.NRES","","","","","","","","","","","","","","","","","","","","","","","","","","","","","","","","","","","","","","","","","","","","","","","","","","","","","","","","","","","","","",
"也门共和国","YEM","专利申请，非居民","IP.PAT.NRES","","","","","","","","","","","","","","","","","","","","","","","","","","","","","","","","","","","","","","","16","30","22","18","19","13","27","23","34","24","","","55","37","49","37","24","25","16","13","","15","",
"南非","ZAF","专利申请，非居民","IP.PAT.NRES","","","","","","","","","","","","","","","","","","","","","5024","5694","6585","5479","6275","5849","5046","4844","4905","4842","4943","4654","4423","4282","4968","5482","6115","6917","7190","3002","2400","5427","5617","5303","5833","6001","6739","7402","7081","5913","5562","6589","6836","6657","6750","6608","6506","6816","6258","6347","",
"赞比亚","ZMB","专利申请，非居民","IP.PAT.NRES","","","","","","","","","","","","","","","","","","","","","113","107","91","91","79","105","108","99","74","50","50","47","64","60","","39","36","","","34","","25","6","10","27","22","9","20","17","9","12","21","31","26","25","12","18","10","13","21","",
"津巴布韦","ZWE","专利申请，非居民","IP.PAT.NRES","","","","","","","","","","","","","","","","","","","","","281","274","230","237","191","205","206","200","144","138","159","128","161","136","","125","122","","","","","","","","","","","","","","","","","","","19","5","","","","",
